"","coord.Dim.1","coord.Dim.2","coord.Dim.3","coord.Dim.4","cor.Dim.1","cor.Dim.2","cor.Dim.3","cor.Dim.4","cos2.Dim.1","cos2.Dim.2","cos2.Dim.3","cos2.Dim.4","contrib.Dim.1","contrib.Dim.2","contrib.Dim.3","contrib.Dim.4"
"GENDER",0.139584938723228,0.353978114627247,0.921195554407948,-0.0813282840431759,0.139584938723228,0.353978114627247,0.921195554407948,-0.0813282840431759,0.0194839551183674,0.12530050563506,0.848601249460967,0.00661428978540751,1.4776566281162,12.3140258610497,85.2182857678417,0.990031742992368
"AGE",-0.440453114824637,0.804169030907461,-0.207103403941653,0.341205808049,-0.440453114824637,0.804169030907461,-0.207103403941653,0.341205808049,0.193998946358724,0.646687830270645,0.0428918199242197,0.116421403446371,14.7128150928808,63.5538589857904,4.30728492295613,17.4260409983727
"LIST_OWN",0.819941773328147,-0.0253416454805485,-0.00905367602534952,0.57181406095538,0.819941773328147,-0.0253416454805485,-0.00905367602534952,0.571814060955379,0.672304511648506,0.000642198995661804,8.19690495719887e-05,0.326971320306282,50.9873489091203,0.0631127145133153,0.0082315008314932,48.9413068755349
"LIST_BACK",0.657863065491885,0.494886294551343,-0.322834474735056,-0.466992124611745,0.657863065491885,0.494886294551343,-0.322834474735056,-0.466992124611745,0.432783812938381,0.244912444534758,0.104222098077459,0.218081644449392,32.8221793698827,24.0690024386466,10.4661978083706,32.6426203831
