"","rotation.PC1","rotation.PC2","rotation.PC3","rotation.PC4","rotation.PC5"
"Time",-0.0778762423724766,0.398537909939158,0.522934170814162,0.749170521855964,-0.0196521599891263
"GENDER",-0.112108310420733,-0.192611176941572,0.836142141111514,-0.490077662614433,0.104989836249125
"AGE",0.390590321756699,-0.735878618056081,0.129754566857944,0.330370443774869,-0.424194509980238
"LIST_OWN",-0.712949298848806,-0.0095865660564707,-0.0435683428826795,-0.0568959695278873,-0.697478346023861
"LIST_BACK",-0.566135598094262,-0.512307745498374,-0.0931220958222206,0.293573895842111,0.567603648175898
