"","rotation.PC1","rotation.PC2","rotation.PC3","rotation.PC4","rotation.PC5","rotation.PC6"
"MUSIC.I.like.music.but.it.does.not.feature.heavily.in.my.life",-0.048587480844295,0.816284864855201,-0.26690304844326,-0.0915755274840447,-0.0355751344939711,0.500429187215316
"MUSIC.Music.has.no.particular.interest.for.me",-0.00393359498258807,0.0246601912154777,0.160004674634311,0.301588687914112,0.924863901906205,0.165668138662726
"MUSIC.Music.is.important.to.me.but.not.necessarily.more.important",0.72907363608811,-0.361324629492926,-0.188651363127811,-0.0720715718029712,-0.0286296191169776,0.544327880895464
"MUSIC.Music.is.important.to.me.but.not.necessarily.more.important.than.other.hobbies.or.interests",-0.00879640677839372,0.0576995260755499,0.880084170176645,-0.347131171320997,-0.0951163735960746,0.304134948163109
"MUSIC.Music.is.no.longer.as.important.as.it.used.to.be.to.me",-0.00509305977057838,0.0321976995130647,0.233267141773996,0.877181965377496,-0.364181451969109,0.206027860045615
"MUSIC.Music.means.a.lot.to.me.and.is.a.passion.of.mine",-0.682621491506782,-0.445139842449612,-0.196494844690538,-0.0742672480969815,-0.0294323492332319,0.5393387698708
