"","rotation.PC1","rotation.PC2","rotation.PC3","rotation.PC4","rotation.PC5","rotation.PC6","rotation.PC7"
"REGION.",0.0166429050918273,0.0392864673058668,-0.763278432105349,-0.568336350890338,0.149744142886616,-0.038299680476538,0.262086322960073
"REGION.Centre",0.0141577178317929,0.0331056383975482,-0.48387040925009,0.816598557595457,0.204003064947615,-0.0442933544571936,0.232724400869709
"REGION.Midlands",0.123456448219245,0.811322207338695,0.25656429735458,-0.0388848985515725,0.0421693871094381,-0.0150781959386537,0.507121186756962
"REGION.North",-0.757020649987404,-0.29225226105008,0.187546255807581,-0.030187227098984,0.0338430335763703,-0.01231981679828,0.551476523388621
"REGION.North.Ireland",0.00287391459593393,0.00654731856617554,-0.0572683074876722,0.0193931617487174,-0.0601702055743258,0.994872206213541,0.0538698351057341
"REGION.Northern.Ireland",0.00829261489739453,0.0190559754035384,-0.192000404662802,0.0793847660022701,-0.963382955741246,-0.0790544615967077,0.148477872306221
"REGION.South",0.641189353291752,-0.503288669059925,0.205262785125007,-0.0325460931378281,0.0361754057433786,-0.0131068208606581,0.539355375380288
